1,Alanah Clemendot,ALANAH CLEMENDOT
2,Dael Newvill,Dael Newvill
3,Winfred Duiged,Winfred Duiged
4,Mac Thunder,Mac Thunder
5,Cherri Grund,Cherri Grund
6,Perla McKeever,Perla McKeever
7,Andriette Dallicott,ANDRIETTE DALLICOTT
8,Gabriel Faudrie,Gabriel Faudrie
9,Liz Cardillo,Liz Cardillo
10,Esdras Tarquini,Esdras Tarquini
11,Orelee Toxell,Orelee Toxell
12,Anatollo Chisholme,ANATOLLO CHISHOLME
13,Maison Mulgrew,Maison Mulgrew
14,Virgil Skamal,Virgil Skamal
15,Karyl Morrid,Karyl Morrid
16,Creighton Reany,Creighton Reany
17,Franchot Bouda,Franchot Bouda
18,Adeline St. Aubyn,ADELINE ST. AUBYN
19,Vanda Larmor,Vanda Larmor
20,Celestyna Winney,CELESTYNA WINNEY
21,Kaja Goodlud,Kaja Goodlud
22,Sarine Shevelin,Sarine Shevelin
23,Mahalia Cowherd,Mahalia Cowherd
24,Cyndie Martt,Cyndie Martt
25,Eada Ronaldson,Eada Ronaldson
26,Alidia Letchmore,ALIDIA LETCHMORE
27,Mack Fairhurst,Mack Fairhurst
28,Margette Van't Hoff,MARGETTE VAN'T HOFF
29,Florance Summerly,FLORANCE SUMMERLY
30,Desiri Marrable,Desiri Marrable
31,Emelda Pere,Emelda Pere
32,Aridatha Perche,Aridatha Perche
33,Angelita Brussels,ANGELITA BRUSSELS
34,Fionnula Smellie,FIONNULA SMELLIE
35,Brinna Bomb,Brinna Bomb
36,Ezri Aymerich,Ezri Aymerich
37,Gwenora Bibb,Gwenora Bibb
38,Jacob Acedo,Jacob Acedo
39,Emili Geeritz,Emili Geeritz
40,Arin Barbey,Arin Barbey
41,Nonna Boecke,Nonna Boecke
42,Thain Naulty,Thain Naulty
43,Broderic Matterson,BRODERIC MATTERSON
44,Fraser Friett,Fraser Friett
45,Abner Cordobes,Abner Cordobes
46,Doug Meaders,Doug Meaders
47,Loretta Wadlow,Loretta Wadlow
48,Vanni Greenside,Vanni Greenside
49,Marcelline Molesworth,MARCELLINE MOLESWORTH
50,Leif Bourke,Leif Bourke
51,Arluene Carah,Arluene Carah
52,Kassi Zammett,Kassi Zammett
53,Jillane Longmuir,JILLANE LONGMUIR
54,Orlan Pavek,Orlan Pavek
55,Brnaby Ringer,Brnaby Ringer
56,Derron Sharpley,Derron Sharpley
57,Britteny Bricket,BRITTENY BRICKET
58,Pascale Titmuss,Pascale Titmuss
59,Amanda Cowill,Amanda Cowill
60,Irwinn Rainville,IRWINN RAINVILLE
61,Melinda Gateman,Melinda Gateman
62,Umberto Bellingham,UMBERTO BELLINGHAM
63,Urbain Wattisham,URBAIN WATTISHAM
64,Ody Jewise,Ody Jewise
65,Cameron Melwall,Cameron Melwall
66,Edmund Allsobrook,EDMUND ALLSOBROOK
67,Kissie Newiss,Kissie Newiss
68,Maxie Haizelden,Maxie Haizelden
69,Freida McAlpin,Freida McAlpin
70,Kippar Breedy,Kippar Breedy
71,Alejandrina Pawle,ALEJANDRINA PAWLE
72,Eddy Leather,Eddy Leather
73,Kayla Stops,Kayla Stops
74,Regine Athersmith,REGINE ATHERSMITH
75,Elicia Siseland,Elicia Siseland
76,Juliana Dumphry,Juliana Dumphry
77,Doralia Kellock,Doralia Kellock
78,Hyman Linstead,Hyman Linstead
79,Emanuele Dixcee,Emanuele Dixcee
80,Andi Coyle,Andi Coyle
81,Alexandrina Tidy,ALEXANDRINA TIDY
82,Anjanette Van Leeuwen,ANJANETTE VAN LEEUWEN
83,Chaddy Assante,Chaddy Assante
84,Euell Corten,Euell Corten
85,Nikolia Allone,Nikolia Allone
86,Redford McGovern,REDFORD MCGOVERN
87,Seumas Stavers,Seumas Stavers
88,Lavena Pirazzi,Lavena Pirazzi
89,Claudius Scarman,CLAUDIUS SCARMAN
90,Kriste Brockhouse,KRISTE BROCKHOUSE
91,Lorin Amor,Lorin Amor
92,Waylen Castellanos,WAYLEN CASTELLANOS
93,Donni Blockwell,Donni Blockwell
94,Lalo Teulier,Lalo Teulier
95,Loree Gannon,Loree Gannon
96,Bail Braim,Bail Braim
97,Thia Garcia,Thia Garcia
98,Loni Giaomozzo,Loni Giaomozzo
99,Nata Ruseworth,Nata Ruseworth
100,Estella Lauridsen,ESTELLA LAURIDSEN
