1;Gnetaceae;implement web-enabled bandwidth
2;Poaceae;generate turn-key e-business
3;Myrtaceae;reinvent out-of-the-box systems
4;Arecaceae;maximize vertical e-tailers
5;Salicaceae;architect open-source networks
6;Scrophulariaceae;seize cross-platform relationships
7;Poaceae;evolve front-end communities
8;Droseraceae;syndicate Droseraceae sexy e-markets
9;Rosaceae;matrix collaborative paradigms
10;Brassicaceae;implement visionary platforms
11;Liliaceae;generate user-centric web-readiness
12;Verbenaceae;reintermediate 24/7 supply-chains
13;Amblystegiaceae;maximize user-centric metrics
14;Letrouitiaceae;matrix best-of-breed metrics
15;Chenopodiaceae;expedite dot-com e-markets
16;Asteraceae;visualize efficient mindshare
17;Poaceae;cultivate collaborative infrastructures
18;Asteraceae;architect plug-and-play web services
19;Rosaceae;engage viral eyeballs
20;Apiaceae;generate distributed Apiaceae e-tailers
21;Myrsinaceae;evolve cutting-edge users
22;Caryophyllaceae;maximize best-of-breed architectures
23;Brassicaceae;extend web-enabled vortals
24;Teloschistaceae;transition innovative solutions
25;Symplocaceae;disintermediate frictionless networks
26;Convolvulaceae;repurpose 24/7 architectures
27;Cyperaceae;synthesize viral users
28;Hymeneliaceae;iterate real-time synergies
29;Juglandaceae;deploy robust systems
30;Apiaceae;generate next-generation e-commerce
31;Physciaceae;envisioneer bleeding-edge systems
32;Asteraceae;mesh world-class vortals
33;Gnetaceae;revolutionize rich synergies
34;Onagraceae;maximize impactful synergies
35;Fabaceae;engineer Fabaceae wireless  Fabaceae ROI
36;Blechnaceae;envisioneer customized e-commerce
37;Pteridaceae;synthesize plug-and-play infrastructures
38;Fabaceae;whiteboard global schemas
39;Apiaceae;drive robust technologies
40;Boraginaceae;drive user-centric architectures
41;Ranunculaceae;streamline intuitive deliverables
42;Mycocaliciaceae;generate rich action-items
43;Zingiberaceae;redefine cross-platform applications
44;Brassicaceae;engineer compelling content
45;Agavaceae;incentivize robust web-readiness
46;Lamiaceae;leverage wireless ROI
47;Ramalinaceae;aggregate bleeding-edge users
48;Cactaceae;utilize back-end portals
49;Asteraceae;scale efficient infomediaries
50;Polygonaceae;brand viral technologies
51;Pottiaceae;empower holistic schemas
52;Asteraceae;utilize global networks
53;Hydrangeaceae;leverage value-added eyeballs
54;Linaceae;enable user-centric mindshare
55;Polypodiaceae;enhance sexy channels
56;Asteraceae;evolve dot-com markets
57;Poaceae;recontextualize B2C relationships
58;Asteraceae;innovate robust schemas
59;Physciaceae;grow enterprise paradigms
60;Physciaceae;drive strategic partnerships
61;Verbenaceae;e-enable vertical solutions
62;Brassicaceae;aggregate wireless schemas
63;Apiaceae;strategize virtual action-items
64;Asteraceae;target real-time niches
65;Leucodontaceae;engage B2B schemas
66;Scrophulariaceae;envisioneer strategic niches
67;Plumbaginaceae;empower synergistic functionalities
68;Scrophulariaceae;repurpose turn-key schemas
69;Cyperaceae;architect 24/7 partnerships
70;Onagraceae;productize back-end methodologies
71;Pteridaceae;incentivize one-to-one systems
72;Funariaceae;aggregate intuitive schemas
73;Asteraceae;maximize dot-com solutions
74;Capparaceae;empower front-end functionalities
75;Opegraphaceae;cultivate best-of-breed interfaces
76;Iridaceae;integrate bleeding-edge e-business
77;Portulacaceae;synthesize e-business mindshare
78;Hypnaceae;revolutionize B2C models
79;Juncaginaceae;recontextualize extensible niches
80;Liliaceae;enable compelling vortals
81;Bromeliaceae;cultivate e-business web-readiness
82;Annonaceae;engineer granular paradigms
83;Asteraceae;grow bricks-and-clicks mindshare
84;Asteraceae;disintermediate efficient web services
85;Arthoniaceae;empower front-end web services
86;Micareaceae;productize sticky bandwidth
87;Parmeliaceae;matrix sticky deliverables
88;Cyperaceae;redefine vertical platforms
89;Capparaceae;redefine best-of-breed e-commerce
90;Scrophulariaceae;revolutionize bricks-and-clicks e-business
91;Poaceae;monetize value-added vortals
92;Fabaceae;enable enterprise e-services
93;Valerianaceae;integrate plug-and-play solutions
94;Acarosporaceae;unleash extensible action-items
95;Asteraceae;reinvent next-generation e-commerce Asteraceae
96;Fabaceae;facilitate front-end systems
97;Ramalinaceae;enable cross-platform interfaces
98;Papaveraceae;visualize impactful ROI
99;Arecaceae;strategize visionary channels
100;Pinaceae;innovate dynamic schemas Pinaceae Pinaceae Pinaceae